,Unnamed: 0,gloss,label,video_id,split,frame_start,frame_end,fps
11211,11211,across,11,829,train,454,506,25
11212,11212,across,11,840,train,1,-1,25
11213,11213,across,11,841,train,1,-1,25
11214,11214,across,11,832,val,1,-1,25
11215,11215,across,11,842,train,1,-1,25
11216,11216,across,11,834,val,1,-1,25
11217,11217,across,11,835,train,1,-1,25
11218,11218,across,11,836,train,1,-1,25
11219,11219,across,11,838,test,1,-1,25
11220,11220,across,11,839,train,1,-1,25
11221,11221,actor,16,897,train,611,673,25
11222,11222,actor,16,65017,train,1,-1,25
11223,11223,actor,16,67347,train,1,-1,25
11224,11224,actor,16,898,val,1,-1,25
11225,11225,actor,16,899,train,1,-1,25
11226,11226,actor,16,900,val,1,-1,25
11227,11227,actor,16,901,train,1,-1,25
11228,11228,actor,16,902,train,1,-1,25
11229,11229,actor,16,903,test,1,-1,25
11230,11230,actor,16,904,train,1,-1,25
11231,11231,agree,39,1572,train,1379,1418,25
11232,11232,agree,39,70117,train,3581,3689,25
11233,11233,agree,39,1575,train,1,-1,25
11234,11234,agree,39,1576,val,1,-1,25
11235,11235,agree,39,1577,train,1,-1,25
11236,11236,agree,39,1578,val,1,-1,25
11237,11237,agree,39,1579,train,1,-1,25
11238,11238,agree,39,1580,train,1,-1,25
11239,11239,agree,39,1581,test,1,-1,25
11240,11240,agree,39,1582,train,1,-1,25
11241,11241,alarm,45,1796,train,1529,1575,25
11242,11242,alarm,45,1808,train,1,-1,25
11243,11243,alarm,45,65040,train,1,-1,25
11244,11244,alarm,45,1801,val,1,-1,25
11245,11245,alarm,45,67355,train,1,-1,25
11246,11246,alarm,45,1802,val,1,-1,25
11247,11247,alarm,45,1803,train,1,-1,25
11248,11248,alarm,45,1804,train,1,-1,25
11249,11249,alarm,45,1805,test,1,-1,25
11250,11250,alarm,45,1806,train,1,-1,25
11251,11251,allergy,50,65050,train,1,-1,25
11252,11252,allergy,50,1962,train,1,-1,25
11253,11253,allergy,50,1964,train,1,-1,25
11254,11254,allergy,50,65051,val,1,-1,25
11255,11255,allergy,50,1955,train,1,-1,25
11256,11256,allergy,50,1965,val,1,-1,25
11257,11257,allergy,50,1956,train,1,-1,25
11258,11258,allergy,50,1957,train,1,-1,25
11259,11259,allergy,50,1959,test,1,-1,25
11260,11260,allergy,50,1960,train,1,-1,25
11261,11261,almost,53,2089,train,1802,1838,25
11262,11262,almost,53,65056,train,1,-1,25
11263,11263,almost,53,2091,train,1,-1,25
11264,11264,almost,53,2092,val,1,-1,25
11265,11265,almost,53,2093,train,1,-1,25
11266,11266,almost,53,2094,val,1,-1,25
11267,11267,almost,53,2095,train,1,-1,25
11268,11268,almost,53,2096,train,1,-1,25
11269,11269,almost,53,2097,test,1,-1,25
11270,11270,almost,53,2098,train,1,-1,25
11271,11271,announce,70,2618,train,2727,2779,25
11272,11272,announce,70,65074,train,1,-1,25
11273,11273,announce,70,67365,train,1,-1,25
11274,11274,announce,70,2619,val,1,-1,25
11275,11275,announce,70,2620,train,1,-1,25
11276,11276,announce,70,2621,val,1,-1,25
11277,11277,announce,70,2622,train,1,-1,25
11278,11278,announce,70,2623,train,1,-1,25
11279,11279,announce,70,2624,test,1,-1,25
11280,11280,announce,70,2625,train,1,-1,25
11281,11281,apartment,77,2871,train,3040,3086,25
11282,11282,apartment,77,2872,train,1,-1,25
11283,11283,apartment,77,2873,train,1,-1,25
11284,11284,apartment,77,2874,val,1,-1,25
11285,11285,apartment,77,2875,train,1,-1,25
11286,11286,apartment,77,2876,val,1,-1,25
11287,11287,apartment,77,2877,train,1,-1,25
11288,11288,apartment,77,2878,train,1,-1,25
11289,11289,apartment,77,2879,test,1,-1,25
11290,11290,apartment,77,2880,train,1,-1,25
11291,11291,attention,108,4008,train,4390,4452,25
11292,11292,attention,108,65107,train,1,-1,25
11293,11293,attention,108,4011,train,1,-1,25
11294,11294,attention,108,67375,val,1,-1,25
11295,11295,attention,108,4012,train,1,-1,25
11296,11296,attention,108,4013,val,1,-1,25
11297,11297,attention,108,4014,train,1,-1,25
11298,11298,attention,108,4015,train,1,-1,25
11299,11299,attention,108,4016,test,1,-1,25
11300,11300,attention,108,4017,train,1,-1,25
11301,11301,audience,113,4110,train,4674,4730,25
11302,11302,audience,113,4118,train,1,-1,25
11303,11303,audience,113,4119,train,1,-1,25
11304,11304,audience,113,4120,val,1,-1,25
11305,11305,audience,113,4121,train,1,-1,25
11306,11306,audience,113,4122,val,1,-1,25
11307,11307,audience,113,4123,train,1,-1,25
11308,11308,audience,113,4115,train,1,-1,25
11309,11309,audience,113,4116,test,1,-1,25
11310,11310,audience,113,4117,train,1,-1,25
11311,11311,august,116,4154,train,4898,4954,25
11312,11312,august,116,4163,train,1,-1,25
11313,11313,august,116,4164,train,1,-1,25
11314,11314,august,116,4155,val,1,-1,25
11315,11315,august,116,4156,train,1,-1,25
11316,11316,august,116,4157,val,1,-1,25
11317,11317,august,116,4158,train,1,-1,25
11318,11318,august,116,4159,train,1,-1,25
11319,11319,august,116,4160,test,1,-1,25
11320,11320,august,116,4161,train,1,-1,25
11321,11321,autumn,122,4288,train,5182,5234,25
11322,11322,autumn,122,65113,train,1,-1,25
11323,11323,autumn,122,4289,train,1,-1,25
11324,11324,autumn,122,4290,val,1,-1,25
11325,11325,autumn,122,4291,train,1,-1,25
11326,11326,autumn,122,4292,val,1,-1,25
11327,11327,autumn,122,4293,train,1,-1,25
11328,11328,autumn,122,4294,train,1,-1,25
11329,11329,autumn,122,4295,test,1,-1,25
11330,11330,autumn,122,4296,train,1,-1,25
11331,11331,away,129,4386,train,5583,5622,25
11332,11332,away,129,69216,train,1,-1,25
11333,11333,away,129,4396,train,1,-1,25
11334,11334,away,129,4397,val,1,-1,25
11335,11335,away,129,65117,train,1,-1,25
11336,11336,away,129,4388,val,1,-1,25
11337,11337,away,129,4389,train,1,-1,25
11338,11338,away,129,4391,train,1,-1,25
11339,11339,away,129,4393,test,1,-1,25
11340,11340,away,129,4395,train,1,-1,25
11341,11341,beautiful,161,5554,train,1276,1355,25
11342,11342,beautiful,161,5556,train,1,-1,25
11343,11343,beautiful,161,5557,train,1,-1,25
11344,11344,beautiful,161,5558,val,1,-1,25
11345,11345,beautiful,161,5559,train,1,-1,25
11346,11346,beautiful,161,5560,val,1,-1,25
11347,11347,beautiful,161,5561,train,1,-1,25
11348,11348,beautiful,161,5562,train,1,-1,25
11349,11349,beautiful,161,5564,test,1,-1,25
11350,11350,beautiful,161,5565,train,1,-1,25
11351,11351,become,163,5614,train,1406,1455,25
11352,11352,become,163,70148,train,6606,6712,25
11353,11353,become,163,65160,train,1,-1,25
11354,11354,become,163,5616,val,1,-1,25
11355,11355,become,163,5617,train,1,-1,25
11356,11356,become,163,5618,val,1,-1,25
11357,11357,become,163,5619,train,1,-1,25
11358,11358,become,163,5620,train,1,-1,25
11359,11359,become,163,5621,test,1,-1,25
11360,11360,become,163,5622,train,1,-1,25
11361,11361,below,176,5910,train,2060,2136,25
11362,11362,below,176,5919,train,1,-1,25
11363,11363,below,176,5920,train,1,-1,25
11364,11364,below,176,5911,val,1,-1,25
11365,11365,below,176,5912,train,1,-1,25
11366,11366,below,176,5913,val,1,-1,25
11367,11367,below,176,5914,train,1,-1,25
11368,11368,below,176,5915,train,1,-1,25
11369,11369,below,176,5917,test,1,-1,25
11370,11370,below,176,5918,train,1,-1,25
11371,11371,best,181,6014,train,2337,2389,25
11372,11372,best,181,6021,train,1,-1,25
11373,11373,best,181,6022,train,1,-1,25
11374,11374,best,181,6023,val,1,-1,25
11375,11375,best,181,6024,train,1,-1,25
11376,11376,best,181,6025,val,1,-1,25
11377,11377,best,181,6026,train,1,-1,25
11378,11378,best,181,6027,train,1,-1,25
11379,11379,best,181,6028,test,1,-1,25
11380,11380,best,181,6029,train,1,-1,25
11381,11381,bet,182,6039,train,2390,2422,25
11382,11382,bet,182,69230,train,1,-1,25
11383,11383,bet,182,6045,train,1,-1,25
11384,11384,bet,182,6046,val,1,-1,25
11385,11385,bet,182,6047,train,1,-1,25
11386,11386,bet,182,6048,val,1,-1,25
11387,11387,bet,182,6049,train,1,-1,25
11388,11388,bet,182,6050,train,1,-1,25
11389,11389,bet,182,6051,test,1,-1,25
11390,11390,bet,182,6052,train,1,-1,25
11391,11391,bicycle,186,6157,train,2536,2598,25
11392,11392,bicycle,186,65181,train,1,-1,25
11393,11393,bicycle,186,6159,train,1,-1,25
11394,11394,bicycle,186,67408,val,1,-1,25
11395,11395,bicycle,186,6160,train,1,-1,25
11396,11396,bicycle,186,6161,val,1,-1,25
11397,11397,bicycle,186,6162,train,1,-1,25
11398,11398,bicycle,186,6163,train,1,-1,25
11399,11399,bicycle,186,6164,test,1,-1,25
11400,11400,bicycle,186,6165,train,1,-1,25
11401,11401,biology,190,6312,train,2762,2851,25
11402,11402,biology,190,65186,train,1,-1,25
11403,11403,biology,190,67410,train,1,-1,25
11404,11404,biology,190,6313,val,1,-1,25
11405,11405,biology,190,6314,train,1,-1,25
11406,11406,biology,190,6315,val,1,-1,25
11407,11407,biology,190,6316,train,1,-1,25
11408,11408,biology,190,6317,train,1,-1,25
11409,11409,biology,190,6318,test,1,-1,25
11410,11410,biology,190,6319,train,1,-1,25
11411,11411,boyfriend,226,7440,train,1,-1,25
11412,11412,boyfriend,226,7443,train,1,-1,25
11413,11413,boyfriend,226,70343,train,3383,3496,25
11414,11414,boyfriend,226,7441,val,1,-1,25
11415,11415,boyfriend,226,7444,train,1,-1,25
11416,11416,boyfriend,226,7445,val,1,-1,25
11417,11417,boyfriend,226,7446,train,1,-1,25
11418,11418,boyfriend,226,7447,train,1,-1,25
11419,11419,boyfriend,226,7450,test,1,-1,25
11420,11420,boyfriend,226,7451,train,1,-1,25
11421,11421,break,234,7608,train,4619,4651,25
11422,11422,break,234,70098,train,3836,3937,25
11423,11423,break,234,7639,train,1,-1,25
11424,11424,break,234,65252,val,1,-1,25
11425,11425,break,234,7632,train,1,-1,25
11426,11426,break,234,67440,val,1,-1,25
11427,11427,break,234,7642,train,1,-1,25
11428,11428,break,234,7634,train,1,-1,25
11429,11429,break,234,7635,test,1,-1,25
11430,11430,break,234,7637,train,1,-1,25
11431,11431,bridge,240,7747,train,4759,4805,25
11432,11432,bridge,240,65259,train,1,-1,25
11433,11433,bridge,240,7751,train,1,-1,25
11434,11434,bridge,240,67444,val,1,-1,25
11435,11435,bridge,240,7752,train,1,-1,25
11436,11436,bridge,240,7753,val,1,-1,25
11437,11437,bridge,240,7754,train,1,-1,25
11438,11438,bridge,240,7755,train,1,-1,25
11439,11439,bridge,240,7756,test,1,-1,25
11440,11440,bridge,240,7757,train,1,-1,25
11441,11441,brush,248,65264,train,1,-1,25
11442,11442,brush,248,8002,train,1,-1,25
11443,11443,brush,248,8005,train,1,-1,25
11444,11444,brush,248,8006,val,1,-1,25
11445,11445,brush,248,8007,train,1,-1,25
11446,11446,brush,248,65265,val,1,-1,25
11447,11447,brush,248,67447,train,1,-1,25
11448,11448,brush,248,8012,train,1,-1,25
11449,11449,brush,248,8000,test,1,-1,25
11450,11450,brush,248,8001,train,1,-1,25
11451,11451,building,252,65269,train,1,-1,25
11452,11452,building,252,70196,train,4583,4697,25
11453,11453,building,252,68590,train,1,54,25
11454,11454,building,252,8130,val,1,-1,25
11455,11455,building,252,67449,train,1,-1,25
11456,11456,building,252,8131,val,1,-1,25
11457,11457,building,252,8132,train,1,-1,25
11458,11458,building,252,8133,train,1,-1,25
11459,11459,building,252,8134,test,1,-1,25
11460,11460,building,252,8135,train,1,-1,25
11461,11461,busy,259,8410,train,5160,5212,25
11462,11462,busy,259,70105,train,5987,6098,25
11463,11463,busy,259,8418,train,1,-1,25
11464,11464,busy,259,8419,val,1,-1,25
11465,11465,busy,259,65277,train,1,-1,25
11466,11466,busy,259,8420,val,1,-1,25
11467,11467,busy,259,8411,train,1,-1,25
11468,11468,busy,259,8412,train,1,-1,25
11469,11469,busy,259,8415,test,1,-1,25
11470,11470,busy,259,8417,train,1,-1,25
11471,11471,camera,277,8782,train,426,462,25
11472,11472,camera,277,8790,train,1,-1,25
11473,11473,camera,277,8791,train,1,-1,25
11474,11474,camera,277,65292,val,1,-1,25
11475,11475,camera,277,67463,train,1,-1,25
11476,11476,camera,277,8783,val,1,-1,25
11477,11477,camera,277,8784,train,1,-1,25
11478,11478,camera,277,8785,train,1,-1,25
11479,11479,camera,277,8786,test,1,-1,25
11480,11480,camera,277,8789,train,1,-1,25
11481,11481,camp,278,8799,train,463,502,25
11482,11482,camp,278,68017,train,1,-1,25
11483,11483,camp,278,68884,train,1,68,25
11484,11484,camp,278,8817,val,1,-1,25
11485,11485,camp,278,8818,train,1,-1,25
11486,11486,camp,278,8819,val,1,-1,25
11487,11487,camp,278,8820,train,1,-1,25
11488,11488,camp,278,8821,train,1,-1,25
11489,11489,camp,278,8822,test,1,-1,25
11490,11490,camp,278,8823,train,1,-1,25
11491,11491,caption,289,65303,train,1,-1,25
11492,11492,caption,289,9095,train,1,-1,25
11493,11493,caption,289,9087,train,1,-1,25
11494,11494,caption,289,67471,val,1,-1,25
11495,11495,caption,289,9088,train,1,-1,25
11496,11496,caption,289,9089,val,1,-1,25
11497,11497,caption,289,9091,train,1,-1,25
11498,11498,caption,289,9092,train,1,-1,25
11499,11499,caption,289,9093,test,1,-1,25
11500,11500,caption,289,9094,train,1,-1,25
11501,11501,care,293,9197,train,1,-1,25
11502,11502,care,293,9199,train,1,-1,25
11503,11503,care,293,9200,train,1,-1,25
11504,11504,care,293,9202,val,1,-1,25
11505,11505,care,293,9209,train,1,-1,25
11506,11506,care,293,9210,val,1,-1,25
11507,11507,care,293,9211,train,1,-1,25
11508,11508,care,293,9212,train,1,-1,25
11509,11509,care,293,9214,test,1,-1,25
11510,11510,care,293,9198,train,1,-1,25
11511,11511,carry,298,9317,train,1135,1177,25
11512,11512,carry,298,69260,train,1,-1,25
11513,11513,carry,298,9327,train,1,-1,25
11514,11514,carry,298,9328,val,1,-1,25
11515,11515,carry,298,65309,train,1,-1,25
11516,11516,carry,298,9319,val,1,-1,25
11517,11517,carry,298,9320,train,1,-1,25
11518,11518,carry,298,9321,train,1,-1,25
11519,11519,carry,298,9322,test,1,-1,25
11520,11520,carry,298,9326,train,1,-1,25
11521,11521,celebrate,306,9632,train,1465,1524,25
11522,11522,celebrate,306,65321,train,1,-1,25
11523,11523,celebrate,306,9633,train,1,-1,25
11524,11524,celebrate,306,9634,val,1,-1,25
11525,11525,celebrate,306,9635,train,1,-1,25
11526,11526,celebrate,306,9636,val,1,-1,25
11527,11527,celebrate,306,9637,train,1,-1,25
11528,11528,celebrate,306,9638,train,1,-1,25
11529,11529,celebrate,306,9639,test,1,-1,25
11530,11530,celebrate,306,9640,train,1,-1,25
11531,11531,certificate,311,9805,train,1704,1756,25
11532,11532,certificate,311,65326,train,1,-1,25
11533,11533,certificate,311,67482,train,1,-1,25
11534,11534,certificate,311,9806,val,1,-1,25
11535,11535,certificate,311,9807,train,1,-1,25
11536,11536,certificate,311,9808,val,1,-1,25
11537,11537,certificate,311,9809,train,1,-1,25
11538,11538,certificate,311,9810,train,1,-1,25
11539,11539,certificate,311,9811,test,1,-1,25
11540,11540,certificate,311,9812,train,1,-1,25
11541,11541,chain,312,9834,train,1757,1829,25
11542,11542,chain,312,65327,train,1,-1,25
11543,11543,chain,312,9835,train,1,-1,25
11544,11544,chain,312,9836,val,1,-1,25
11545,11545,chain,312,9837,train,1,-1,25
11546,11546,chain,312,9838,val,1,-1,25
11547,11547,chain,312,9839,train,1,-1,25
11548,11548,chain,312,9840,train,1,-1,25
11549,11549,chain,312,9841,test,1,-1,25
11550,11550,chain,312,9842,train,1,-1,25
11551,11551,chance,316,9933,train,1976,2025,25
11552,11552,chance,316,9940,train,1,-1,25
11553,11553,chance,316,9941,train,1,-1,25
11554,11554,chance,316,65331,val,1,-1,25
11555,11555,chance,316,67484,train,1,-1,25
11556,11556,chance,316,9943,val,1,-1,25
11557,11557,chance,316,9934,train,1,-1,25
11558,11558,chance,316,9935,train,1,-1,25
11559,11559,chance,316,9936,test,1,-1,25
11560,11560,chance,316,9938,train,1,-1,25
11561,11561,character,319,10014,train,2123,2182,25
11562,11562,character,319,10021,train,1,-1,25
11563,11563,character,319,10022,train,1,-1,25
11564,11564,character,319,10023,val,1,-1,25
11565,11565,character,319,65334,train,1,-1,25
11566,11566,character,319,67488,val,1,-1,25
11567,11567,character,319,10015,train,1,-1,25
11568,11568,character,319,10016,train,1,-1,25
11569,11569,character,319,10017,test,1,-1,25
11570,11570,character,319,10019,train,1,-1,25
11571,11571,chase,320,10088,train,2183,2239,25
11572,11572,chase,320,65337,train,1,-1,25
11573,11573,chase,320,10089,train,1,-1,25
11574,11574,chase,320,10090,val,1,-1,25
11575,11575,chase,320,10091,train,1,-1,25
11576,11576,chase,320,10092,val,1,-1,25
11577,11577,chase,320,10093,train,1,-1,25
11578,11578,chase,320,10094,train,1,-1,25
11579,11579,chase,320,10095,test,1,-1,25
11580,11580,chase,320,10096,train,1,-1,25
11581,11581,classroom,349,11006,train,3592,3664,25
11582,11582,classroom,349,11007,train,1,-1,25
11583,11583,classroom,349,11008,train,1,-1,25
11584,11584,classroom,349,11009,val,1,-1,25
11585,11585,classroom,349,11010,train,1,-1,25
11586,11586,classroom,349,11011,val,1,-1,25
11587,11587,classroom,349,11012,train,1,-1,25
11588,11588,classroom,349,11013,train,1,-1,25
11589,11589,classroom,349,11014,test,1,-1,25
11590,11590,classroom,349,11015,train,1,-1,25
11591,11591,clear,351,11059,train,3708,3754,25
11592,11592,clear,351,11067,train,1,-1,25
11593,11593,clear,351,65366,train,1,-1,25
11594,11594,clear,351,67503,val,1,-1,25
11595,11595,clear,351,11061,train,1,-1,25
11596,11596,clear,351,11062,val,1,-1,25
11597,11597,clear,351,11063,train,1,-1,25
11598,11598,clear,351,11064,train,1,-1,25
11599,11599,clear,351,11065,test,1,-1,25
11600,11600,clear,351,11066,train,1,-1,25
11601,11601,climb,354,11142,train,3805,3874,25
11602,11602,climb,354,11148,train,1,-1,25
11603,11603,climb,354,11150,train,1,-1,25
11604,11604,climb,354,11151,val,1,-1,25
11605,11605,climb,354,11153,train,1,-1,25
11606,11606,climb,354,11155,val,1,-1,25
11607,11607,climb,354,11143,train,1,-1,25
11608,11608,climb,354,11144,train,1,-1,25
11609,11609,climb,354,11145,test,1,-1,25
11610,11610,climb,354,11146,train,1,-1,25
11611,11611,command,377,11936,train,4554,4610,25
11612,11612,command,377,11950,train,1,-1,25
11613,11613,command,377,11951,train,1,-1,25
11614,11614,command,377,11942,val,1,-1,25
11615,11615,command,377,11952,train,1,-1,25
11616,11616,command,377,11943,val,1,-1,25
11617,11617,command,377,11944,train,1,-1,25
11618,11618,command,377,11946,train,1,-1,25
11619,11619,command,377,11947,test,1,-1,25
11620,11620,command,377,11948,train,1,-1,25
11621,11621,community,383,12058,train,4778,4817,25
11622,11622,community,383,12069,train,1,-1,25
11623,11623,community,383,12060,train,1,-1,25
11624,11624,community,383,12062,val,1,-1,25
11625,11625,community,383,12063,train,1,-1,25
11626,11626,community,383,12064,val,1,-1,25
11627,11627,community,383,12065,train,1,-1,25
11628,11628,community,383,12066,train,1,-1,25
11629,11629,community,383,12067,test,1,-1,25
11630,11630,community,383,12068,train,1,-1,25
11631,11631,complain,388,12188,train,4988,5034,25
11632,11632,complain,388,12190,train,1,-1,25
11633,11633,complain,388,12191,train,1,-1,25
11634,11634,complain,388,12192,val,1,-1,25
11635,11635,complain,388,12193,train,1,-1,25
11636,11636,complain,388,12194,val,1,-1,25
11637,11637,complain,388,12195,train,1,-1,25
11638,11638,complain,388,12196,train,1,-1,25
11639,11639,complain,388,12197,test,1,-1,25
11640,11640,complain,388,12198,train,1,-1,25
11641,11641,compromise,391,12290,train,5082,5121,25
11642,11642,compromise,391,12299,train,1,-1,25
11643,11643,compromise,391,12300,train,1,-1,25
11644,11644,compromise,391,12291,val,1,-1,25
11645,11645,compromise,391,12292,train,1,-1,25
11646,11646,compromise,391,12293,val,1,-1,25
11647,11647,compromise,391,12294,train,1,-1,25
11648,11648,compromise,391,12295,train,1,-1,25
11649,11649,compromise,391,12296,test,1,-1,25
11650,11650,compromise,391,12297,train,1,-1,25
11651,11651,contribute,411,13015,train,5759,5818,25
11652,11652,contribute,411,13021,train,1,-1,25
11653,11653,contribute,411,13023,train,1,-1,25
11654,11654,contribute,411,13024,val,1,-1,25
11655,11655,contribute,411,13026,train,1,-1,25
11656,11656,contribute,411,13027,val,1,-1,25
11657,11657,contribute,411,13017,train,1,-1,25
11658,11658,contribute,411,13018,train,1,-1,25
11659,11659,contribute,411,13019,test,1,-1,25
11660,11660,contribute,411,13020,train,1,-1,25
11661,11661,cop,420,13244,train,1,-1,25
11662,11662,cop,420,13245,train,1,-1,25
11663,11663,cop,420,13246,train,1,-1,25
11664,11664,cop,420,13247,val,1,-1,25
11665,11665,cop,420,13248,train,1,-1,25
11666,11666,cop,420,13249,val,1,-1,25
11667,11667,cop,420,13250,train,1,-1,25
11668,11668,cop,420,13251,train,1,-1,25
11669,11669,cop,420,13252,test,1,-1,25
11670,11670,cop,420,13253,train,1,-1,25
11680,11680,couch,426,13455,train,6321,6373,25
11681,11681,couch,426,13456,train,1,-1,25
11682,11682,couch,426,13457,train,1,-1,25
11683,11683,couch,426,13458,val,1,-1,25
11684,11684,couch,426,13459,train,1,-1,25
11685,11685,couch,426,13460,val,1,-1,25
11686,11686,couch,426,13461,train,1,-1,25
11687,11687,couch,426,13462,train,1,-1,25
11688,11688,couch,426,13463,test,1,-1,25
11689,11689,couch,426,13464,train,1,-1,25
11690,11690,cracker,437,13743,train,6854,6890,25
11691,11691,cracker,437,67537,train,1,-1,25
11692,11692,cracker,437,13744,train,1,-1,25
11693,11693,cracker,437,13745,val,1,-1,25
11694,11694,cracker,437,13746,train,1,-1,25
11695,11695,cracker,437,13747,val,1,-1,25
11696,11696,cracker,437,13748,train,1,-1,25
11697,11697,cracker,437,13749,train,1,-1,25
11698,11698,cracker,437,13750,test,1,-1,25
11699,11699,cracker,437,13751,train,1,-1,25
11700,11700,curious,451,14311,train,7257,7289,25
11701,11701,curious,451,65429,train,1,-1,25
11702,11702,curious,451,14312,train,1,-1,25
11703,11703,curious,451,14313,val,1,-1,25
11704,11704,curious,451,14314,train,1,-1,25
11705,11705,curious,451,14315,val,1,-1,25
11706,11706,curious,451,14316,train,1,-1,25
11707,11707,curious,451,14317,train,1,-1,25
11708,11708,curious,451,14318,test,1,-1,25
11709,11709,curious,451,14319,train,1,-1,25
11710,11710,curriculum,452,14365,train,7290,7342,25
11711,11711,curriculum,452,65431,train,1,-1,25
11712,11712,curriculum,452,14366,train,1,-1,25
11713,11713,curriculum,452,14367,val,1,-1,25
11714,11714,curriculum,452,14368,train,1,-1,25
11715,11715,curriculum,452,14369,val,1,-1,25
11716,11716,curriculum,452,14370,train,1,-1,25
11717,11717,curriculum,452,14371,train,1,-1,25
11718,11718,curriculum,452,14372,test,1,-1,25
11719,11719,curriculum,452,14373,train,1,-1,25
11720,11720,dad,459,69289,train,1,-1,25
11721,11721,dad,459,14565,train,1,-1,25
11722,11722,dad,459,68204,train,1,46,25
11723,11723,dad,459,14566,val,1,-1,25
11724,11724,dad,459,14567,train,1,-1,25
11725,11725,dad,459,14568,val,1,-1,25
11726,11726,dad,459,14569,train,1,-1,25
11727,11727,dad,459,14570,train,1,-1,25
11728,11728,dad,459,14571,test,1,-1,25
11729,11729,dad,459,14572,train,1,-1,25
11730,11730,deny,493,15546,train,1398,1457,25
11731,11731,deny,493,15554,train,1,-1,25
11732,11732,deny,493,15555,train,1,-1,25
11733,11733,deny,493,65461,val,1,-1,25
11734,11734,deny,493,67562,train,1,-1,25
11735,11735,deny,493,15547,val,1,-1,25
11736,11736,deny,493,15548,train,1,-1,25
11737,11737,deny,493,15549,train,1,-1,25
11738,11738,deny,493,15550,test,1,-1,25
11739,11739,deny,493,15551,train,1,-1,25
11740,11740,describe,500,15705,train,1772,1834,25
11741,11741,describe,500,69294,train,1,-1,25
11742,11742,describe,500,15706,train,1,-1,25
11743,11743,describe,500,15707,val,1,-1,25
11744,11744,describe,500,15708,train,1,-1,25
11745,11745,describe,500,15709,val,1,-1,25
11746,11746,describe,500,15710,train,1,-1,25
11747,11747,describe,500,15711,train,1,-1,25
11748,11748,describe,500,15712,test,1,-1,25
11749,11749,describe,500,15713,train,1,-1,25
11750,11750,diaper,513,16076,train,2353,2402,25
11751,11751,diaper,513,65477,train,1,-1,25
11752,11752,diaper,513,16081,train,1,-1,25
11753,11753,diaper,513,67568,val,1,-1,25
11754,11754,diaper,513,16082,train,1,-1,25
11755,11755,diaper,513,16083,val,1,-1,25
11756,11756,diaper,513,16084,train,1,-1,25
11757,11757,diaper,513,16085,train,1,-1,25
11758,11758,diaper,513,16086,test,1,-1,25
11759,11759,diaper,513,16087,train,1,-1,25
11769,11769,disagree,529,16427,train,3163,3215,25
11770,11770,disagree,529,70118,train,3733,3851,25
11771,11771,disagree,529,16428,train,1,-1,25
11772,11772,disagree,529,16429,val,1,-1,25
11773,11773,disagree,529,16430,train,1,-1,25
11774,11774,disagree,529,16431,val,1,-1,25
11775,11775,disagree,529,16432,train,1,-1,25
11776,11776,disagree,529,16434,train,1,-1,25
11777,11777,disagree,529,16435,test,1,-1,25
11778,11778,disagree,529,16436,train,1,-1,25
11779,11779,dissolve,539,16803,train,3476,3532,25
11780,11780,dissolve,539,65494,train,1,-1,25
11781,11781,dissolve,539,16804,train,1,-1,25
11782,11782,dissolve,539,16805,val,1,-1,25
11783,11783,dissolve,539,16806,train,1,-1,25
11784,11784,dissolve,539,16807,val,1,-1,25
11785,11785,dissolve,539,16808,train,1,-1,25
11786,11786,dissolve,539,16809,train,1,-1,25
11787,11787,dissolve,539,16810,test,1,-1,25
11788,11788,dissolve,539,16811,train,1,-1,25
11789,11789,divide,542,16922,train,3590,3622,25
11790,11790,divide,542,16934,train,1,-1,25
11791,11791,divide,542,65499,train,1,-1,25
11792,11792,divide,542,16925,val,1,-1,25
11793,11793,divide,542,16935,train,1,-1,25
11794,11794,divide,542,16936,val,1,-1,25
11795,11795,divide,542,16926,train,1,-1,25
11796,11796,divide,542,16927,train,1,-1,25
11797,11797,divide,542,16928,test,1,-1,25
11798,11798,divide,542,16930,train,1,-1,25
11799,11799,dolphin,551,17159,train,1,-1,25
11800,11800,dolphin,551,17160,train,1,-1,25
11801,11801,dolphin,551,17161,train,1,-1,25
11802,11802,dolphin,551,17163,val,1,-1,25
11803,11803,dolphin,551,67581,train,1,-1,25
11804,11804,dolphin,551,17164,val,1,-1,25
11805,11805,dolphin,551,17165,train,1,-1,25
11806,11806,dolphin,551,17166,train,1,-1,25
11807,11807,dolphin,551,17157,test,1,-1,25
11808,11808,dolphin,551,17158,train,1,-1,25
11809,11809,double,557,17374,train,4250,4302,25
11810,11810,double,557,65523,train,1,-1,25
11811,11811,double,557,17377,train,1,-1,25
11812,11812,double,557,17378,val,1,-1,25
11813,11813,double,557,17379,train,1,-1,25
11814,11814,double,557,17380,val,1,-1,25
11815,11815,double,557,17381,train,1,-1,25
11816,11816,double,557,17382,train,1,-1,25
11817,11817,double,557,17383,test,1,-1,25
11818,11818,double,557,17384,train,1,-1,25
11819,11819,doubt,558,17388,train,4303,4345,25
11820,11820,doubt,558,17399,train,1,-1,25
11821,11821,doubt,558,65524,train,1,-1,25
11822,11822,doubt,558,17390,val,1,-1,25
11823,11823,doubt,558,67586,train,1,-1,25
11824,11824,doubt,558,17400,val,1,-1,25
11825,11825,doubt,558,17391,train,1,-1,25
11826,11826,doubt,558,17393,train,1,-1,25
11827,11827,doubt,558,17394,test,1,-1,25
11828,11828,doubt,558,17395,train,1,-1,25
11829,11829,dumb,578,17981,train,4887,4933,25
11830,11830,dumb,578,70370,train,2378,2478,25
11831,11831,dumb,578,17995,train,1,-1,25
11832,11832,dumb,578,65553,val,1,-1,25
11833,11833,dumb,578,17988,train,1,-1,25
11834,11834,dumb,578,67602,val,1,-1,25
11835,11835,dumb,578,17989,train,1,-1,25
11836,11836,dumb,578,17992,train,1,-1,25
11837,11837,dumb,578,17993,test,1,-1,25
11838,11838,dumb,578,17994,train,1,-1,25
11839,11839,earth,591,18239,train,398,444,25
11840,11840,earth,591,18241,train,1,-1,25
11841,11841,earth,591,67606,train,1,-1,25
11842,11842,earth,591,18242,val,1,-1,25
11843,11843,earth,591,18243,train,1,-1,25
11844,11844,earth,591,18244,val,1,-1,25
11845,11845,earth,591,18245,train,1,-1,25
11846,11846,earth,591,18246,train,1,-1,25
11847,11847,earth,591,18247,test,1,-1,25
11848,11848,earth,591,18248,train,1,-1,25
11849,11849,earthquake,592,18253,train,445,511,25
11850,11850,earthquake,592,67608,train,1,-1,25
11851,11851,earthquake,592,65596,train,1,-1,25
11852,11852,earthquake,592,18261,val,1,-1,25
11853,11853,earthquake,592,18254,train,1,-1,25
11854,11854,earthquake,592,18255,val,1,-1,25
11855,11855,earthquake,592,18256,train,1,-1,25
11856,11856,earthquake,592,18257,train,1,-1,25
11857,11857,earthquake,592,18258,test,1,-1,25
11858,11858,earthquake,592,18259,train,1,-1,25
11859,11859,eight,603,69309,train,1,-1,25
11860,11860,eight,603,18569,train,1,-1,25
11861,11861,eight,603,18570,train,1,-1,25
11862,11862,eight,603,18571,val,1,-1,25
11863,11863,eight,603,18572,train,1,-1,25
11864,11864,eight,603,18574,val,1,-1,25
11865,11865,eight,603,18575,train,1,-1,25
11866,11866,eight,603,18576,train,1,-1,25
11867,11867,eight,603,18577,test,1,-1,25
11868,11868,eight,603,18578,train,1,-1,25
11869,11869,embarrass,613,18887,train,1195,1261,25
11870,11870,embarrass,613,18903,train,1,-1,25
11871,11871,embarrass,613,65626,train,1,-1,25
11872,11872,embarrass,613,67619,val,1,-1,25
11873,11873,embarrass,613,18897,train,1,-1,25
11874,11874,embarrass,613,18898,val,1,-1,25
11875,11875,embarrass,613,18899,train,1,-1,25
11876,11876,embarrass,613,18900,train,1,-1,25
11877,11877,embarrass,613,18901,test,1,-1,25
11878,11878,embarrass,613,18902,train,1,-1,25
11879,11879,emotion,615,18970,train,1339,1405,25
11880,11880,emotion,615,18986,train,1,-1,25
11881,11881,emotion,615,18978,train,1,-1,25
11882,11882,emotion,615,67621,val,1,-1,25
11883,11883,emotion,615,18979,train,1,-1,25
11884,11884,emotion,615,18980,val,1,-1,25
11885,11885,emotion,615,18981,train,1,-1,25
11886,11886,emotion,615,18982,train,1,-1,25
11887,11887,emotion,615,18983,test,1,-1,25
11888,11888,emotion,615,18984,train,1,-1,25
11889,11889,encourage,617,19086,train,1429,1468,25
11890,11890,encourage,617,65628,train,1,-1,25
11891,11891,encourage,617,19087,train,1,-1,25
11892,11892,encourage,617,19088,val,1,-1,25
11893,11893,encourage,617,19089,train,1,-1,25
11894,11894,encourage,617,19090,val,1,-1,25
11895,11895,encourage,617,19091,train,1,-1,25
11896,11896,encourage,617,19092,train,1,-1,25
11897,11897,encourage,617,19093,test,1,-1,25
11898,11898,encourage,617,19094,train,1,-1,25
11899,11899,energy,619,19164,train,1506,1555,25
11900,11900,energy,619,65630,train,1,-1,25
11901,11901,energy,619,19165,train,1,-1,25
11902,11902,energy,619,19166,val,1,-1,25
11903,11903,energy,619,19167,train,1,-1,25
11904,11904,energy,619,19168,val,1,-1,25
11905,11905,energy,619,19169,train,1,-1,25
11906,11906,energy,619,19170,train,1,-1,25
11907,11907,energy,619,19171,test,1,-1,25
11908,11908,energy,619,19172,train,1,-1,25
11909,11909,enough,628,19304,train,1899,1938,25
11910,11910,enough,628,19312,train,1,-1,25
11911,11911,enough,628,65637,train,1,-1,25
11912,11912,enough,628,67626,val,1,-1,25
11913,11913,enough,628,19305,train,1,-1,25
11914,11914,enough,628,19306,val,1,-1,25
11915,11915,enough,628,19308,train,1,-1,25
11916,11916,enough,628,19309,train,1,-1,25
11917,11917,enough,628,19310,test,1,-1,25
11918,11918,enough,628,19311,train,1,-1,25
11919,11919,evaluate,639,19703,train,2395,2451,25
11920,11920,evaluate,639,19712,train,1,-1,25
11921,11921,evaluate,639,67630,train,1,-1,25
11922,11922,evaluate,639,19713,val,1,-1,25
11923,11923,evaluate,639,19704,train,1,-1,25
11924,11924,evaluate,639,19705,val,1,-1,25
11925,11925,evaluate,639,19706,train,1,-1,25
11926,11926,evaluate,639,19707,train,1,-1,25
11927,11927,evaluate,639,19708,test,1,-1,25
11928,11928,evaluate,639,19710,train,1,-1,25
11929,11929,evidence,647,19966,train,2770,2829,25
11930,11930,evidence,647,19967,train,1,-1,25
11931,11931,evidence,647,19968,train,1,-1,25
11932,11932,evidence,647,19969,val,1,-1,25
11933,11933,evidence,647,19970,train,1,-1,25
11934,11934,evidence,647,19971,val,1,-1,25
11935,11935,evidence,647,19972,train,1,-1,25
11936,11936,evidence,647,19973,train,1,-1,25
11937,11937,evidence,647,19974,test,1,-1,25
11938,11938,evidence,647,19975,train,1,-1,25
11939,11939,exact,648,20007,train,2830,2879,25
11940,11940,exact,648,70115,train,3260,3375,25
11941,11941,exact,648,65650,train,1,-1,25
11942,11942,exact,648,20008,val,1,-1,25
11943,11943,exact,648,20009,train,1,-1,25
11944,11944,exact,648,20010,val,1,-1,25
11945,11945,exact,648,20011,train,1,-1,25
11946,11946,exact,648,20012,train,1,-1,25
11947,11947,exact,648,20013,test,1,-1,25
11948,11948,exact,648,20014,train,1,-1,25
11949,11949,exaggerate,649,20020,train,2880,2932,25
11950,11950,exaggerate,649,20022,train,1,-1,25
11951,11951,exaggerate,649,20023,train,1,-1,25
11952,11952,exaggerate,649,20024,val,1,-1,25
11953,11953,exaggerate,649,20025,train,1,-1,25
11954,11954,exaggerate,649,20026,val,1,-1,25
11955,11955,exaggerate,649,20027,train,1,-1,25
11956,11956,exaggerate,649,20028,train,1,-1,25
11957,11957,exaggerate,649,20029,test,1,-1,25
11958,11958,exaggerate,649,20030,train,1,-1,25
11959,11959,expect,658,20327,train,3200,3249,25
11960,11960,expect,658,20334,train,1,-1,25
11961,11961,expect,658,20335,train,1,-1,25
11962,11962,expect,658,20336,val,1,-1,25
11963,11963,expect,658,20337,train,1,-1,25
11964,11964,expect,658,20338,val,1,-1,25
11965,11965,expect,658,20339,train,1,-1,25
11966,11966,expect,658,20340,train,1,-1,25
11967,11967,expect,658,20341,test,1,-1,25
11968,11968,expect,658,20342,train,1,-1,25
11969,11969,fancy,680,21022,train,427,479,25
11970,11970,fancy,680,21030,train,1,-1,25
11971,11971,fancy,680,21031,train,1,-1,25
11972,11972,fancy,680,65680,val,1,-1,25
11973,11973,fancy,680,21033,train,1,-1,25
11974,11974,fancy,680,21023,val,1,-1,25
11975,11975,fancy,680,21024,train,1,-1,25
11976,11976,fancy,680,21026,train,1,-1,25
11977,11977,fancy,680,21027,test,1,-1,25
11978,11978,fancy,680,21028,train,1,-1,25
11979,11979,favorite,688,21302,train,703,769,25
11980,11980,favorite,688,68536,train,1,41,25
11981,11981,favorite,688,21309,train,1,-1,25
11982,11982,favorite,688,21310,val,1,-1,25
11983,11983,favorite,688,65694,train,1,-1,25
11984,11984,favorite,688,67650,val,1,-1,25
11985,11985,favorite,688,21312,train,1,-1,25
11986,11986,favorite,688,21303,train,1,-1,25
11987,11987,favorite,688,21304,test,1,-1,25
11988,11988,favorite,688,21306,train,1,-1,25
11989,11989,finally,700,21828,train,1319,1371,25
11990,11990,finally,700,67657,train,1,-1,25
11991,11991,finally,700,21829,train,1,-1,25
11992,11992,finally,700,21830,val,1,-1,25
11993,11993,finally,700,21831,train,1,-1,25
11994,11994,finally,700,21832,val,1,-1,25
11995,11995,finally,700,21833,train,1,-1,25
11996,11996,finally,700,21834,train,1,-1,25
11997,11997,finally,700,21835,test,1,-1,25
11998,11998,finally,700,21836,train,1,-1,25
11999,11999,fox,739,23273,train,2780,2842,25
12000,12000,fox,739,23281,train,1,-1,25
12001,12001,fox,739,65775,train,1,-1,25
12002,12002,fox,739,67682,val,1,-1,25
12003,12003,fox,739,23274,train,1,-1,25
12004,12004,fox,739,23275,val,1,-1,25
12005,12005,fox,739,23276,train,1,-1,25
12006,12006,fox,739,23277,train,1,-1,25
12007,12007,fox,739,23278,test,1,-1,25
12008,12008,fox,739,23279,train,1,-1,25
12009,12009,french,744,23479,train,1,-1,25
12010,12010,french,744,68055,train,1,-1,25
12011,12011,french,744,68822,train,1,66,25
12012,12012,french,744,67688,val,1,-1,25
12013,12013,french,744,23489,train,1,-1,25
12014,12014,french,744,23481,val,1,-1,25
12015,12015,french,744,23482,train,1,-1,25
12016,12016,french,744,23483,train,1,-1,25
12017,12017,french,744,23485,test,1,-1,25
12018,12018,french,744,23486,train,1,-1,25
12019,12019,fruit,753,23708,train,1,-1,25
12020,12020,fruit,753,23709,train,1,-1,25
12021,12021,fruit,753,65789,train,1,-1,25
12022,12022,fruit,753,23701,val,1,-1,25
12023,12023,fruit,753,67696,train,1,-1,25
12024,12024,fruit,753,23702,val,1,-1,25
12025,12025,fruit,753,23703,train,1,-1,25
12026,12026,fruit,753,23704,train,1,-1,25
12027,12027,fruit,753,23705,test,1,-1,25
12028,12028,fruit,753,23706,train,1,-1,25
12029,12029,function,756,65796,train,1,-1,25
12030,12030,function,756,23811,train,1,-1,25
12031,12031,function,756,23802,train,1,-1,25
12032,12032,function,756,23804,val,1,-1,25
12033,12033,function,756,23805,train,1,-1,25
12034,12034,function,756,23806,val,1,-1,25
12035,12035,function,756,23807,train,1,-1,25
12036,12036,function,756,23808,train,1,-1,25
12037,12037,function,756,23809,test,1,-1,25
12038,12038,function,756,23810,train,1,-1,25
12039,12039,gather,769,24165,train,283,329,25
12040,12040,gather,769,24174,train,1,-1,25
12041,12041,gather,769,65803,test,1,-1,25
12042,12042,gather,769,24175,test,1,-1,25
12043,12043,gather,769,24176,val,1,-1,25
12044,12044,gather,769,24166,train,1,-1,25
12045,12045,gather,769,24167,val,1,-1,25
12046,12046,gather,769,24169,train,1,-1,25
12047,12047,gather,769,24170,train,1,-1,25
12048,12048,gather,769,24171,train,1,-1,25
12049,12049,germany,776,24376,train,467,526,25
12050,12050,germany,776,24385,train,1,-1,25
12051,12051,germany,776,24386,train,1,-1,25
12052,12052,germany,776,65806,val,1,-1,25
12053,12053,germany,776,24378,train,1,-1,25
12054,12054,germany,776,67706,val,1,-1,25
12055,12055,germany,776,24379,train,1,-1,25
12056,12056,germany,776,24381,train,1,-1,25
12057,12057,germany,776,24382,test,1,-1,25
12058,12058,germany,776,24383,train,1,-1,25
12059,12059,gloves,788,24822,train,1,-1,25
12060,12060,gloves,788,24829,train,1,-1,25
12061,12061,gloves,788,24830,train,1,-1,25
12062,12062,gloves,788,24831,val,1,-1,25
12063,12063,gloves,788,67711,train,1,-1,25
12064,12064,gloves,788,24832,val,1,-1,25
12065,12065,gloves,788,24824,train,1,-1,25
12066,12066,gloves,788,24826,train,1,-1,25
12067,12067,gloves,788,24827,test,1,-1,25
12068,12068,gloves,788,24828,train,1,-1,25
12069,12069,goat,791,24883,train,967,1013,25
12070,12070,goat,791,24895,train,1,-1,25
12071,12071,goat,791,65830,train,1,-1,25
12072,12072,goat,791,24888,val,1,-1,25
12073,12073,goat,791,67714,train,1,-1,25
12074,12074,goat,791,24889,val,1,-1,25
12075,12075,goat,791,24890,train,1,-1,25
12076,12076,goat,791,24891,train,1,-1,25
12077,12077,goat,791,24892,test,1,-1,25
12078,12078,goat,791,24894,train,1,-1,25
12079,12079,goodbye,797,25041,train,1237,1283,25
12080,12080,goodbye,797,25044,train,1,-1,25
12081,12081,goodbye,797,25052,train,1,-1,25
12082,12082,goodbye,797,25053,val,1,-1,25
12083,12083,goodbye,797,25054,train,1,-1,25
12084,12084,goodbye,797,25055,val,1,-1,25
12085,12085,goodbye,797,25047,train,1,-1,25
12086,12086,goodbye,797,25048,train,1,-1,25
12087,12087,goodbye,797,25049,test,1,-1,25
12088,12088,goodbye,797,25051,train,1,-1,25
12089,12089,grow,817,69354,train,1,-1,25
12090,12090,grow,817,65862,train,1,-1,25
12091,12091,grow,817,25852,train,1,-1,25
12092,12092,grow,817,25844,val,1,-1,25
12093,12093,grow,817,67730,train,1,-1,25
12094,12094,grow,817,25846,val,1,-1,25
12095,12095,grow,817,25847,train,1,-1,25
12096,12096,grow,817,25849,train,1,-1,25
12097,12097,grow,817,25850,test,1,-1,25
12098,12098,grow,817,25851,train,1,-1,25
12099,12099,gum,823,26001,train,2215,2287,25
12100,12100,gum,823,65868,train,1,-1,25
12101,12101,gum,823,26002,train,1,-1,25
12102,12102,gum,823,26003,val,1,-1,25
12103,12103,gum,823,26004,train,1,-1,25
12104,12104,gum,823,26005,val,1,-1,25
12105,12105,gum,823,26006,train,1,-1,25
12106,12106,gum,823,26007,train,1,-1,25
12107,12107,gum,823,26008,test,1,-1,25
12108,12108,gum,823,26009,train,1,-1,25
12109,12109,half,830,26203,train,211,247,25
12110,12110,half,830,26222,train,1,-1,25
12111,12111,half,830,26223,train,1,-1,25
12112,12112,half,830,26214,val,1,-1,25
12113,12113,half,830,26224,train,1,-1,25
12114,12114,half,830,26215,val,1,-1,25
12115,12115,half,830,26216,train,1,-1,25
12116,12116,half,830,26217,train,1,-1,25
12117,12117,half,830,26220,test,1,-1,25
12118,12118,half,830,26221,train,1,-1,25
12119,12119,hawaii,843,26797,train,772,824,25
12120,12120,hawaii,843,26807,train,1,-1,25
12121,12121,hawaii,843,26799,test,1,-1,25
12122,12122,hawaii,843,26810,val,1,-1,25
12123,12123,hawaii,843,26800,train,1,-1,25
12124,12124,hawaii,843,26801,test,1,-1,25
12125,12125,hawaii,843,26802,val,1,-1,25
12126,12126,hawaii,843,26804,train,1,-1,25
12127,12127,hawaii,843,26805,train,1,-1,25
12128,12128,hawaii,843,26806,train,1,-1,25
12129,12129,herself,861,27312,train,1517,1579,25
12130,12130,herself,861,27321,test,1,-1,25
12131,12131,herself,861,27322,val,1,-1,25
12132,12132,herself,861,27313,train,1,-1,25
12133,12133,herself,861,27314,test,1,-1,25
12134,12134,herself,861,27315,train,1,-1,25
12135,12135,herself,861,27316,val,1,-1,25
12136,12136,herself,861,27317,train,1,-1,25
12137,12137,herself,861,27318,train,1,-1,25
12138,12138,herself,861,27319,train,1,-1,25
12139,12139,highway,865,27444,train,1657,1713,25
12140,12140,highway,865,27451,train,1,-1,25
12141,12141,highway,865,27452,train,1,-1,25
12142,12142,highway,865,27455,val,1,-1,25
12143,12143,highway,865,27456,train,1,-1,25
12144,12144,highway,865,27445,val,1,-1,25
12145,12145,highway,865,27446,train,1,-1,25
12146,12146,highway,865,27447,train,1,-1,25
12147,12147,highway,865,27448,test,1,-1,25
12148,12148,highway,865,27450,train,1,-1,25
12149,12149,homework,875,27788,train,1907,1973,25
12150,12150,homework,875,27793,train,1,-1,25
12151,12151,homework,875,68073,train,1,-1,25
12152,12152,homework,875,67766,val,1,-1,25
12153,12153,homework,875,27800,train,1,-1,25
12154,12154,homework,875,27790,val,1,-1,25
12155,12155,homework,875,27789,train,1,-1,25
12156,12156,homework,875,27795,train,1,-1,25
12157,12157,homework,875,27801,test,1,-1,25
12158,12158,homework,875,27796,train,1,-1,25
12159,12159,honor,878,27881,train,1,-1,25
12160,12160,honor,878,27882,train,1,-1,25
12161,12161,honor,878,67768,train,1,-1,25
12162,12162,honor,878,27883,val,1,-1,25
12163,12163,honor,878,27874,train,1,-1,25
12164,12164,honor,878,27875,val,1,-1,25
12165,12165,honor,878,27876,train,1,-1,25
12166,12166,honor,878,27877,train,1,-1,25
12167,12167,honor,878,27879,test,1,-1,25
12168,12168,honor,878,27880,train,1,-1,25
12169,12169,ice cream,899,28581,train,24,76,25
12170,12170,ice cream,899,28582,train,1,-1,25
12171,12171,ice cream,899,28583,train,1,-1,25
12172,12172,ice cream,899,28584,val,1,-1,25
12173,12173,ice cream,899,28585,train,1,-1,25
12174,12174,ice cream,899,28586,val,1,-1,25
12175,12175,ice cream,899,28587,train,1,-1,25
12176,12176,ice cream,899,28588,train,1,-1,25
12177,12177,ice cream,899,28589,test,1,-1,25
12178,12178,ice cream,899,28590,train,1,-1,25
12179,12179,if,902,28734,train,184,233,25
12180,12180,if,902,69375,train,1,-1,25
12181,12181,if,902,28742,train,1,-1,25
12182,12182,if,902,28743,val,1,-1,25
12183,12183,if,902,28736,train,1,-1,25
12184,12184,if,902,28747,val,1,-1,25
12185,12185,if,902,28748,train,1,-1,25
12186,12186,if,902,28749,train,1,-1,25
12187,12187,if,902,28737,test,1,-1,25
12188,12188,if,902,28739,train,1,-1,25
12189,12189,increase,913,29324,train,624,696,25
12190,12190,increase,913,70077,train,5338,5471,25
12191,12191,increase,913,29327,train,1,-1,25
12192,12192,increase,913,29328,val,1,-1,25
12193,12193,increase,913,29329,train,1,-1,25
12194,12194,increase,913,29330,val,1,-1,25
12195,12195,increase,913,29331,train,1,-1,25
12196,12196,increase,913,29332,train,1,-1,25
12197,12197,increase,913,29333,test,1,-1,25
12198,12198,increase,913,29334,train,1,-1,25
12199,12199,india,915,29399,train,750,849,25
12200,12200,india,915,29407,train,1,-1,25
12201,12201,india,915,29408,train,1,-1,25
12202,12202,india,915,29409,val,1,-1,25
12203,12203,india,915,29410,train,1,-1,25
12204,12204,india,915,29400,val,1,-1,25
12205,12205,india,915,29402,train,1,-1,25
12206,12206,india,915,29404,train,1,-1,25
12207,12207,india,915,29405,test,1,-1,25
12208,12208,india,915,29406,train,1,-1,25
12209,12209,information,920,29631,train,980,1026,25
12210,12210,information,920,29641,train,1,-1,25
12211,12211,information,920,29632,train,1,-1,25
12212,12212,information,920,29633,val,1,-1,25
12213,12213,information,920,29634,train,1,-1,25
12214,12214,information,920,29635,val,1,-1,25
12215,12215,information,920,29636,train,1,-1,25
12216,12216,information,920,29637,train,1,-1,25
12217,12217,information,920,29638,test,1,-1,25
12218,12218,information,920,29639,train,1,-1,25
12219,12219,interpret,933,30252,train,1456,1498,25
12220,12220,interpret,933,68077,train,1,-1,25
12221,12221,interpret,933,68962,train,1,76,25
12222,12222,interpret,933,30271,val,1,-1,25
12223,12223,interpret,933,30264,train,1,-1,25
12224,12224,interpret,933,30265,val,1,-1,25
12225,12225,interpret,933,30267,train,1,-1,25
12226,12226,interpret,933,30268,train,1,-1,25
12227,12227,interpret,933,30269,test,1,-1,25
12228,12228,interpret,933,30270,train,1,-1,25
